parlementaire,nom_parlementaire,prénom_parlementaire,sexe_parlementaire,url_institution
Adrien Morenas,Morenas,Adrien,H,http://www2.assemblee-nationale.fr/deputes/fiche/OMC_PA721876
Adrien Quatennens,Quatennens,Adrien,H,http://www2.assemblee-nationale.fr/deputes/fiche/OMC_PA720422
Agnès Firmin Le Bodo,Firmin Le Bodo,Agnès,F,http://www2.assemblee-nationale.fr/deputes/fiche/OMC_PA267780
Agnès Thill,Thill,Agnès,F,http://www2.assemblee-nationale.fr/deputes/fiche/OMC_PA720568
Aina Kuric,Kuric,Aina,F,http://www2.assemblee-nationale.fr/deputes/fiche/OMC_PA720214
Alain Bruneel,Bruneel,Alain,H,http://www2.assemblee-nationale.fr/deputes/fiche/OMC_PA720546
Alain David,David,Alain,H,http://www2.assemblee-nationale.fr/deputes/fiche/OMC_PA1008
Alain Perea,Perea,Alain,H,http://www2.assemblee-nationale.fr/deputes/fiche/OMC_PA718802
Alain Ramadier,Ramadier,Alain,H,http://www2.assemblee-nationale.fr/deputes/fiche/OMC_PA721286
Alain Tourret,Tourret,Alain,H,http://www2.assemblee-nationale.fr/deputes/fiche/OMC_PA2828
Albane Gaillot,Gaillot,Albane,F,http://www2.assemblee-nationale.fr/deputes/fiche/OMC_PA721246
Alexandra Louis,Louis,Alexandra,F,http://www2.assemblee-nationale.fr/deputes/fiche/OMC_PA718918
Alexandra Valetta Ardisson,Valetta Ardisson,Alexandra,F,http://www2.assemblee-nationale.fr/deputes/fiche/OMC_PA718768
Alexandre Freschi,Freschi,Alexandre,H,http://www2.assemblee-nationale.fr/deputes/fiche/OMC_PA720030
Alexandre Holroyd,Holroyd,Alexandre,H,http://www2.assemblee-nationale.fr/deputes/fiche/OMC_PA721150
Alexis Corbière,Corbière,Alexis,H,http://www2.assemblee-nationale.fr/deputes/fiche/OMC_PA721210
Alice Thourot,Thourot,Alice,F,http://www2.assemblee-nationale.fr/deputes/fiche/OMC_PA719302
Amélia Lakrafi,Lakrafi,Amélia,F,http://www2.assemblee-nationale.fr/deputes/fiche/OMC_PA721004
André Chassaigne,Chassaigne,André,H,http://www2.assemblee-nationale.fr/deputes/fiche/OMC_PA267306
André Villiers,Villiers,André,H,http://www2.assemblee-nationale.fr/deputes/fiche/OMC_PA421348
Anissa Khedher,Khedher,Anissa,F,http://www2.assemblee-nationale.fr/deputes/fiche/OMC_PA722300
Annaïg Le Meur,Le Meur,Annaïg,F,http://www2.assemblee-nationale.fr/deputes/fiche/OMC_PA719388
Anne Blanc,Blanc,Anne,F,http://www2.assemblee-nationale.fr/deputes/fiche/OMC_PA718990
Anne Brugnera,Brugnera,Anne,F,http://www2.assemblee-nationale.fr/deputes/fiche/OMC_PA721328
Anne Genetet,Genetet,Anne,F,http://www2.assemblee-nationale.fr/deputes/fiche/OMC_PA721024
Anne-Christine Lang,Lang,Anne-Christine,F,http://www2.assemblee-nationale.fr/deputes/fiche/OMC_PA643205
Anne-France Brunet,Brunet,Anne-France,F,http://www2.assemblee-nationale.fr/deputes/fiche/OMC_PA720116
Anne-Laure Blin,Blin,Anne-Laure,F,http://www2.assemblee-nationale.fr/deputes/fiche/OMC_PA774954
Anne-Laure Cattelot,Cattelot,Anne-Laure,F,http://www2.assemblee-nationale.fr/deputes/fiche/OMC_PA720520
Anne-Laurence Petel,Petel,Anne-Laurence,F,http://www2.assemblee-nationale.fr/deputes/fiche/OMC_PA718930
Annie Chapelier,Chapelier,Annie,F,http://www2.assemblee-nationale.fr/deputes/fiche/OMC_PA719448
Annie Genevard,Genevard,Annie,F,http://www2.assemblee-nationale.fr/deputes/fiche/OMC_PA605991
Annie Vidal,Vidal,Annie,F,http://www2.assemblee-nationale.fr/deputes/fiche/OMC_PA722102
Anthony Cellier,Cellier,Anthony,H,http://www2.assemblee-nationale.fr/deputes/fiche/OMC_PA719440
Antoine Herth,Herth,Antoine,H,http://www2.assemblee-nationale.fr/deputes/fiche/OMC_PA267355
Antoine Savignat,Savignat,Antoine,H,http://www2.assemblee-nationale.fr/deputes/fiche/OMC_PA748954
Aude Amadou,Amadou,Aude,F,http://www2.assemblee-nationale.fr/deputes/fiche/OMC_PA720124
Aude Bono-Vandorme,Bono-Vandorme,Aude,F,http://www2.assemblee-nationale.fr/deputes/fiche/OMC_PA718756
Aude Luquet,Luquet,Aude,F,http://www2.assemblee-nationale.fr/deputes/fiche/OMC_PA721530
Audrey Dufeu,Dufeu,Audrey,F,http://www2.assemblee-nationale.fr/deputes/fiche/OMC_PA720046
Aurore Bergé,Bergé,Aurore,F,http://www2.assemblee-nationale.fr/deputes/fiche/OMC_PA722046
Aurélien Pradié,Pradié,Aurélien,H,http://www2.assemblee-nationale.fr/deputes/fiche/OMC_PA720100
Aurélien Taché,Taché,Aurélien,H,http://www2.assemblee-nationale.fr/deputes/fiche/OMC_PA720952
Barbara Bessot Ballot,Bessot Ballot,Barbara,F,http://www2.assemblee-nationale.fr/deputes/fiche/OMC_PA722312
Bastien Lachaud,Lachaud,Bastien,H,http://www2.assemblee-nationale.fr/deputes/fiche/OMC_PA720846
Belkhir Belhaddad,Belhaddad,Belkhir,H,http://www2.assemblee-nationale.fr/deputes/fiche/OMC_PA720362
Benjamin Dirx,Dirx,Benjamin,H,http://www2.assemblee-nationale.fr/deputes/fiche/OMC_PA722382
Benoit Potterie,Potterie,Benoit,H,http://www2.assemblee-nationale.fr/deputes/fiche/OMC_PA720590
Benoit Simian,Simian,Benoit,H,http://www2.assemblee-nationale.fr/deputes/fiche/OMC_PA719592
Bernard Bouley,Bouley,Bernard,H,http://www2.assemblee-nationale.fr/deputes/fiche/OMC_PA604
Bernard Brochand,Brochand,Bernard,H,http://www2.assemblee-nationale.fr/deputes/fiche/OMC_PA223837
Bernard Deflesselles,Deflesselles,Bernard,H,http://www2.assemblee-nationale.fr/deputes/fiche/OMC_PA1029
Bernard Perrut,Perrut,Bernard,H,http://www2.assemblee-nationale.fr/deputes/fiche/OMC_PA2377
Bernard Reynès,Reynès,Bernard,H,http://www2.assemblee-nationale.fr/deputes/fiche/OMC_PA330788
Bertrand Bouyx,Bouyx,Bertrand,H,http://www2.assemblee-nationale.fr/deputes/fiche/OMC_PA719032
Bertrand Pancher,Pancher,Bertrand,H,http://www2.assemblee-nationale.fr/deputes/fiche/OMC_PA333421
Bertrand Sorre,Sorre,Bertrand,H,http://www2.assemblee-nationale.fr/deputes/fiche/OMC_PA720190
Blandine Brocard,Brocard,Blandine,F,http://www2.assemblee-nationale.fr/deputes/fiche/OMC_PA721336
Boris Vallaud,Vallaud,Boris,H,http://www2.assemblee-nationale.fr/deputes/fiche/OMC_PA719930
Brahim Hammouche,Hammouche,Brahim,H,http://www2.assemblee-nationale.fr/deputes/fiche/OMC_PA720326
Brigitte Kuster,Kuster,Brigitte,F,http://www2.assemblee-nationale.fr/deputes/fiche/OMC_PA721506
Brigitte Liso,Liso,Brigitte,F,http://www2.assemblee-nationale.fr/deputes/fiche/OMC_PA720446
Bruno Bilde,Bilde,Bruno,H,http://www2.assemblee-nationale.fr/deputes/fiche/OMC_PA720822
Bruno Duvergé,Duvergé,Bruno,H,http://www2.assemblee-nationale.fr/deputes/fiche/OMC_PA720652
Bruno Fuchs,Fuchs,Bruno,H,http://www2.assemblee-nationale.fr/deputes/fiche/OMC_PA722284
Bruno Joncour,Joncour,Bruno,H,http://www2.assemblee-nationale.fr/deputes/fiche/OMC_PA719210
Bruno Millienne,Millienne,Bruno,H,http://www2.assemblee-nationale.fr/deputes/fiche/OMC_PA721976
Bruno Questel,Questel,Bruno,H,http://www2.assemblee-nationale.fr/deputes/fiche/OMC_PA643127
Bruno Studer,Studer,Bruno,H,http://www2.assemblee-nationale.fr/deputes/fiche/OMC_PA720754
Buon Tan,Tan,Buon,H,http://www2.assemblee-nationale.fr/deputes/fiche/OMC_PA721690
Béatrice Descamps,Descamps,Béatrice,F,http://www2.assemblee-nationale.fr/deputes/fiche/OMC_PA720696
Béatrice Piron,Piron,Béatrice,F,http://www2.assemblee-nationale.fr/deputes/fiche/OMC_PA721844
Bénédicte Peyrol,Peyrol,Bénédicte,F,http://www2.assemblee-nationale.fr/deputes/fiche/OMC_PA718736
Bénédicte Pételle,Pételle,Bénédicte,F,http://www2.assemblee-nationale.fr/deputes/fiche/OMC_PA722090
Bénédicte Taurine,Taurine,Bénédicte,F,http://www2.assemblee-nationale.fr/deputes/fiche/OMC_PA718860
Bérangère Couillard,Couillard,Bérangère,F,http://www2.assemblee-nationale.fr/deputes/fiche/OMC_PA719624
Bérengère Poletti,Poletti,Bérengère,F,http://www2.assemblee-nationale.fr/deputes/fiche/OMC_PA267260
Camille Galliard-Minier,Galliard-Minier,Camille,F,http://www2.assemblee-nationale.fr/deputes/fiche/OMC_PA719736
Carole Bureau-Bonnard,Bureau-Bonnard,Carole,F,http://www2.assemblee-nationale.fr/deputes/fiche/OMC_PA720622
Carole Grandjean,Grandjean,Carole,F,http://www2.assemblee-nationale.fr/deputes/fiche/OMC_PA720170
Caroline Abadie,Abadie,Caroline,F,http://www2.assemblee-nationale.fr/deputes/fiche/OMC_PA719866
Caroline Fiat,Fiat,Caroline,F,http://www2.assemblee-nationale.fr/deputes/fiche/OMC_PA720286
Caroline Janvier,Janvier,Caroline,F,http://www2.assemblee-nationale.fr/deputes/fiche/OMC_PA720074
Catherine Daufès-Roux,Daufès-Roux,Catherine,F,http://www2.assemblee-nationale.fr/deputes/fiche/OMC_PA719484
Catherine Fabre,Fabre,Catherine,F,http://www2.assemblee-nationale.fr/deputes/fiche/OMC_PA719570
Catherine Kamowski,Kamowski,Catherine,F,http://www2.assemblee-nationale.fr/deputes/fiche/OMC_PA719994
Catherine Osson,Osson,Catherine,F,http://www2.assemblee-nationale.fr/deputes/fiche/OMC_PA720492
Catherine Pujol,Pujol,Catherine,F,http://www2.assemblee-nationale.fr/deputes/fiche/OMC_PA720802
Cathy Racon-Bouzon,Racon-Bouzon,Cathy,F,http://www2.assemblee-nationale.fr/deputes/fiche/OMC_PA718944
Cendra Motin,Motin,Cendra,F,http://www2.assemblee-nationale.fr/deputes/fiche/OMC_PA719850
Chantal Jourdan,Jourdan,Chantal,F,http://www2.assemblee-nationale.fr/deputes/fiche/OMC_PA643192
Charles de Courson,Courson (de),Charles,H,http://www2.assemblee-nationale.fr/deputes/fiche/OMC_PA942
Charles de la Verpillière,la Verpillière (de),Charles,H,http://www2.assemblee-nationale.fr/deputes/fiche/OMC_PA1012
Charlotte Parmentier-Lecocq,Parmentier-Lecocq,Charlotte,F,http://www2.assemblee-nationale.fr/deputes/fiche/OMC_PA720480
Christelle Dubos,Dubos,Christelle,F,http://www2.assemblee-nationale.fr/deputes/fiche/OMC_PA719660
Christelle Petex-Levet,Petex-Levet,Christelle,F,http://www2.assemblee-nationale.fr/deputes/fiche/OMC_PA721442
Christian Hutin,Hutin,Christian,H,http://www2.assemblee-nationale.fr/deputes/fiche/OMC_PA333818
Christian Jacob,Jacob,Christian,H,http://www2.assemblee-nationale.fr/deputes/fiche/OMC_PA1695
Christine Cloarec-Le Nabour,Cloarec-Le Nabour,Christine,F,http://www2.assemblee-nationale.fr/deputes/fiche/OMC_PA719756
Christine Hennion,Hennion,Christine,F,http://www2.assemblee-nationale.fr/deputes/fiche/OMC_PA722094
Christine Pires Beaune,Pires Beaune,Christine,F,http://www2.assemblee-nationale.fr/deputes/fiche/OMC_PA608172
Christophe Arend,Arend,Christophe,H,http://www2.assemblee-nationale.fr/deputes/fiche/OMC_PA720310
Christophe Blanchet,Blanchet,Christophe,H,http://www2.assemblee-nationale.fr/deputes/fiche/OMC_PA719024
Christophe Castaner,Castaner,Christophe,H,http://www2.assemblee-nationale.fr/deputes/fiche/OMC_PA605131
Christophe Di Pompeo,Di Pompeo,Christophe,H,http://www2.assemblee-nationale.fr/deputes/fiche/OMC_PA720438
Christophe Euzet,Euzet,Christophe,H,http://www2.assemblee-nationale.fr/deputes/fiche/OMC_PA719616
Christophe Jerretie,Jerretie,Christophe,H,http://www2.assemblee-nationale.fr/deputes/fiche/OMC_PA719060
Christophe Leclercq,Leclercq,Christophe,H,http://www2.assemblee-nationale.fr/deputes/fiche/OMC_PA784314
Christophe Lejeune,Lejeune,Christophe,H,http://www2.assemblee-nationale.fr/deputes/fiche/OMC_PA722320
Christophe Naegelen,Naegelen,Christophe,H,http://www2.assemblee-nationale.fr/deputes/fiche/OMC_PA721486
Claire Bouchet,Bouchet,Claire,F,http://www2.assemblee-nationale.fr/deputes/fiche/OMC_PA267337
Claire Guion-Firmin,Guion-Firmin,Claire,F,http://www2.assemblee-nationale.fr/deputes/fiche/OMC_PA721126
Claire O'Petit,O'Petit,Claire,F,http://www2.assemblee-nationale.fr/deputes/fiche/OMC_PA719364
Claire Pitollat,Pitollat,Claire,F,http://www2.assemblee-nationale.fr/deputes/fiche/OMC_PA718910
Claude de Ganay,Ganay (de),Claude,H,http://www2.assemblee-nationale.fr/deputes/fiche/OMC_PA267735
Claudia Rouaux,Rouaux,Claudia,F,http://www2.assemblee-nationale.fr/deputes/fiche/OMC_PA342196
Clémentine Autain,Autain,Clémentine,F,http://www2.assemblee-nationale.fr/deputes/fiche/OMC_PA588884
Constance Le Grip,Le Grip,Constance,F,http://www2.assemblee-nationale.fr/deputes/fiche/OMC_PA345722
Coralie Dubost,Dubost,Coralie,F,http://www2.assemblee-nationale.fr/deputes/fiche/OMC_PA719684
Corinne Vignon,Vignon,Corinne,F,http://www2.assemblee-nationale.fr/deputes/fiche/OMC_PA719512
Cyrille Isaac-Sibille,Isaac-Sibille,Cyrille,H,http://www2.assemblee-nationale.fr/deputes/fiche/OMC_PA722374
Cécile Delpirou,Delpirou,Cécile,F,http://www2.assemblee-nationale.fr/deputes/fiche/OMC_PA722218
Cécile Muschotti,Muschotti,Cécile,F,http://www2.assemblee-nationale.fr/deputes/fiche/OMC_PA721656
Cécile Rilhac,Rilhac,Cécile,F,http://www2.assemblee-nationale.fr/deputes/fiche/OMC_PA720900
Cécile Untermaier,Untermaier,Cécile,F,http://www2.assemblee-nationale.fr/deputes/fiche/OMC_PA608695
Cédric Roussel,Roussel,Cédric,H,http://www2.assemblee-nationale.fr/deputes/fiche/OMC_PA718902
Cédric Villani,Villani,Cédric,H,http://www2.assemblee-nationale.fr/deputes/fiche/OMC_PA722260
Célia de Lavergne,Lavergne (de),Célia,F,http://www2.assemblee-nationale.fr/deputes/fiche/OMC_PA719310
Céline Calvez,Calvez,Céline,F,http://www2.assemblee-nationale.fr/deputes/fiche/OMC_PA721750
Damien Abad,Abad,Damien,H,http://www2.assemblee-nationale.fr/deputes/fiche/OMC_PA605036
Damien Adam,Adam,Damien,H,http://www2.assemblee-nationale.fr/deputes/fiche/OMC_PA722038
Damien Pichereau,Pichereau,Damien,H,http://www2.assemblee-nationale.fr/deputes/fiche/OMC_PA721372
Daniel Labaronne,Labaronne,Daniel,H,http://www2.assemblee-nationale.fr/deputes/fiche/OMC_PA719798
Danielle Brulebois,Brulebois,Danielle,F,http://www2.assemblee-nationale.fr/deputes/fiche/OMC_PA719890
Danièle Cazarian,Cazarian,Danièle,F,http://www2.assemblee-nationale.fr/deputes/fiche/OMC_PA721352
Danièle Hérin,Hérin,Danièle,F,http://www2.assemblee-nationale.fr/deputes/fiche/OMC_PA718794
Danièle Obono,Obono,Danièle,F,http://www2.assemblee-nationale.fr/deputes/fiche/OMC_PA721960
David Corceiro,Corceiro,David,H,http://www2.assemblee-nationale.fr/deputes/fiche/OMC_PA720928
David Habib,Habib,David,H,http://www2.assemblee-nationale.fr/deputes/fiche/OMC_PA1592
David Lorion,Lorion,David,H,http://www2.assemblee-nationale.fr/deputes/fiche/OMC_PA721054
Delphine Bagarry,Bagarry,Delphine,F,http://www2.assemblee-nationale.fr/deputes/fiche/OMC_PA718744
Delphine Batho,Batho,Delphine,F,http://www2.assemblee-nationale.fr/deputes/fiche/OMC_PA335999
Denis Masséglia,Masséglia,Denis,H,http://www2.assemblee-nationale.fr/deputes/fiche/OMC_PA720146
Denis Sommer,Sommer,Denis,H,http://www2.assemblee-nationale.fr/deputes/fiche/OMC_PA719420
Didier Baichère,Baichère,Didier,H,http://www2.assemblee-nationale.fr/deputes/fiche/OMC_PA721776
Didier Le Gac,Le Gac,Didier,H,http://www2.assemblee-nationale.fr/deputes/fiche/OMC_PA719404
Didier Martin,Martin,Didier,H,http://www2.assemblee-nationale.fr/deputes/fiche/OMC_PA719154
Didier Paris,Paris,Didier,H,http://www2.assemblee-nationale.fr/deputes/fiche/OMC_PA719202
Didier Quentin,Quentin,Didier,H,http://www2.assemblee-nationale.fr/deputes/fiche/OMC_PA2492
Dimitri Houbron,Houbron,Dimitri,H,http://www2.assemblee-nationale.fr/deputes/fiche/OMC_PA720454
Dino Cinieri,Cinieri,Dino,H,http://www2.assemblee-nationale.fr/deputes/fiche/OMC_PA267429
Dominique Da Silva,Da Silva,Dominique,H,http://www2.assemblee-nationale.fr/deputes/fiche/OMC_PA720932
Dominique David,David,Dominique,F,http://www2.assemblee-nationale.fr/deputes/fiche/OMC_PA719710
Dominique Potier,Potier,Dominique,H,http://www2.assemblee-nationale.fr/deputes/fiche/OMC_PA607553
Edith Audibert,Audibert,Edith,F,http://www2.assemblee-nationale.fr/deputes/fiche/OMC_PA721666
Elsa Faucillon,Faucillon,Elsa,F,http://www2.assemblee-nationale.fr/deputes/fiche/OMC_PA721896
Emmanuel Blairy,Blairy,Emmanuel,H,http://www2.assemblee-nationale.fr/deputes/fiche/OMC_PA720668
Emmanuel Maquet,Maquet,Emmanuel,H,http://www2.assemblee-nationale.fr/deputes/fiche/OMC_PA346054
Emmanuelle Anthoine,Anthoine,Emmanuelle,F,http://www2.assemblee-nationale.fr/deputes/fiche/OMC_PA719318
Emmanuelle Ménard,Ménard,Emmanuelle,F,http://www2.assemblee-nationale.fr/deputes/fiche/OMC_PA719608
Erwan Balanant,Balanant,Erwan,H,http://www2.assemblee-nationale.fr/deputes/fiche/OMC_PA719558
Fabien Di Filippo,Di Filippo,Fabien,H,http://www2.assemblee-nationale.fr/deputes/fiche/OMC_PA720386
Fabien Gouttefarde,Gouttefarde,Fabien,H,http://www2.assemblee-nationale.fr/deputes/fiche/OMC_PA719330
Fabien Lainé,Lainé,Fabien,H,http://www2.assemblee-nationale.fr/deputes/fiche/OMC_PA719918
Fabien Matras,Matras,Fabien,H,http://www2.assemblee-nationale.fr/deputes/fiche/OMC_PA721800
Fabien Roussel,Roussel,Fabien,H,http://www2.assemblee-nationale.fr/deputes/fiche/OMC_PA720692
Fabienne Colboc,Colboc,Fabienne,F,http://www2.assemblee-nationale.fr/deputes/fiche/OMC_PA719814
Fabrice Brun,Brun,Fabrice,H,http://www2.assemblee-nationale.fr/deputes/fiche/OMC_PA718838
Fabrice Le Vigoureux,Le Vigoureux,Fabrice,H,http://www2.assemblee-nationale.fr/deputes/fiche/OMC_PA719006
Fadila Khattabi,Khattabi,Fadila,F,http://www2.assemblee-nationale.fr/deputes/fiche/OMC_PA719186
Fannette Charvier,Charvier,Fannette,F,http://www2.assemblee-nationale.fr/deputes/fiche/OMC_PA719170
Fiona Lazaar,Lazaar,Fiona,F,http://www2.assemblee-nationale.fr/deputes/fiche/OMC_PA720916
Florence Granjus,Granjus,Florence,F,http://www2.assemblee-nationale.fr/deputes/fiche/OMC_PA722062
Florence Lasserre,Lasserre,Florence,F,http://www2.assemblee-nationale.fr/deputes/fiche/OMC_PA720764
Florence Morlighem,Morlighem,Florence,F,http://www2.assemblee-nationale.fr/deputes/fiche/OMC_PA720516
Florence Provendier,Provendier,Florence,F,http://www2.assemblee-nationale.fr/deputes/fiche/OMC_PA722194
Florent Boudié,Boudié,Florent,H,http://www2.assemblee-nationale.fr/deputes/fiche/OMC_PA606507
Florian Bachelier,Bachelier,Florian,H,http://www2.assemblee-nationale.fr/deputes/fiche/OMC_PA719770
Francis Chouat,Chouat,Francis,H,http://www2.assemblee-nationale.fr/deputes/fiche/OMC_PA760658
François Cormier-Bouligeon,Cormier-Bouligeon,François,H,http://www2.assemblee-nationale.fr/deputes/fiche/OMC_PA719118
François Cornut-Gentille,Cornut-Gentille,François,H,http://www2.assemblee-nationale.fr/deputes/fiche/OMC_PA923
François Jolivet,Jolivet,François,H,http://www2.assemblee-nationale.fr/deputes/fiche/OMC_PA719778
François Pupponi,Pupponi,François,H,http://www2.assemblee-nationale.fr/deputes/fiche/OMC_PA405480
François Ruffin,Ruffin,François,H,http://www2.assemblee-nationale.fr/deputes/fiche/OMC_PA722142
François de Rugy,Rugy (de),François,H,http://www2.assemblee-nationale.fr/deputes/fiche/OMC_PA332747
François-Michel Lambert,Lambert,François-Michel,H,http://www2.assemblee-nationale.fr/deputes/fiche/OMC_PA605518
Françoise Ballet-Blu,Ballet-Blu,Françoise,F,http://www2.assemblee-nationale.fr/deputes/fiche/OMC_PA722082
Françoise Dumas,Dumas,Françoise,F,http://www2.assemblee-nationale.fr/deputes/fiche/OMC_PA606202
Frédéric Barbier,Barbier,Frédéric,H,http://www2.assemblee-nationale.fr/deputes/fiche/OMC_PA642724
Frédéric Descrozaille,Descrozaille,Frédéric,H,http://www2.assemblee-nationale.fr/deputes/fiche/OMC_PA720862
Frédéric Petit,Petit,Frédéric,H,http://www2.assemblee-nationale.fr/deputes/fiche/OMC_PA721182
Frédéric Reiss,Reiss,Frédéric,H,http://www2.assemblee-nationale.fr/deputes/fiche/OMC_PA266776
Frédérique Dumas,Dumas,Frédérique,F,http://www2.assemblee-nationale.fr/deputes/fiche/OMC_PA721194
Frédérique Meunier,Meunier,Frédérique,F,http://www2.assemblee-nationale.fr/deputes/fiche/OMC_PA719272
Frédérique Tuffnell,Tuffnell,Frédérique,F,http://www2.assemblee-nationale.fr/deputes/fiche/OMC_PA719092
Gaël Le Bohec,Le Bohec,Gaël,H,http://www2.assemblee-nationale.fr/deputes/fiche/OMC_PA719728
Geneviève Levy,Levy,Geneviève,F,http://www2.assemblee-nationale.fr/deputes/fiche/OMC_PA267378
Gilles Carrez,Carrez,Gilles,H,http://www2.assemblee-nationale.fr/deputes/fiche/OMC_PA746
Gilles Le Gendre,Le Gendre,Gilles,H,http://www2.assemblee-nationale.fr/deputes/fiche/OMC_PA721466
Gisèle Biémouret,Biémouret,Gisèle,F,http://www2.assemblee-nationale.fr/deputes/fiche/OMC_PA508
Graziella Melchior,Melchior,Graziella,F,http://www2.assemblee-nationale.fr/deputes/fiche/OMC_PA719338
Grégory Besson-Moreau,Besson-Moreau,Grégory,H,http://www2.assemblee-nationale.fr/deputes/fiche/OMC_PA718876
Grégory Labille,Labille,Grégory,H,http://www2.assemblee-nationale.fr/deputes/fiche/OMC_PA643004
Guillaume Chiche,Chiche,Guillaume,H,http://www2.assemblee-nationale.fr/deputes/fiche/OMC_PA722126
Guillaume Garot,Garot,Guillaume,H,http://www2.assemblee-nationale.fr/deputes/fiche/OMC_PA333285
Guillaume Gouffier-Cha,Gouffier-Cha,Guillaume,H,http://www2.assemblee-nationale.fr/deputes/fiche/OMC_PA721296
Guillaume Kasbarian,Kasbarian,Guillaume,H,http://www2.assemblee-nationale.fr/deputes/fiche/OMC_PA719372
Guillaume Larrivé,Larrivé,Guillaume,H,http://www2.assemblee-nationale.fr/deputes/fiche/OMC_PA267785
Guillaume Peltier,Peltier,Guillaume,H,http://www2.assemblee-nationale.fr/deputes/fiche/OMC_PA719946
Guillaume Vuilletet,Vuilletet,Guillaume,H,http://www2.assemblee-nationale.fr/deputes/fiche/OMC_PA721262
Guy Bricout,Bricout,Guy,H,http://www2.assemblee-nationale.fr/deputes/fiche/OMC_PA267766
Guy Teissier,Teissier,Guy,H,http://www2.assemblee-nationale.fr/deputes/fiche/OMC_PA2796
Gwendal Rouillard,Rouillard,Gwendal,H,http://www2.assemblee-nationale.fr/deputes/fiche/OMC_PA343493
Géraldine Bannier,Bannier,Géraldine,F,http://www2.assemblee-nationale.fr/deputes/fiche/OMC_PA720256
Gérard Cherpion,Cherpion,Gérard,H,http://www2.assemblee-nationale.fr/deputes/fiche/OMC_PA856
Gérard Leseul,Leseul,Gérard,H,http://www2.assemblee-nationale.fr/deputes/fiche/OMC_PA774958
Gérard Menuel,Menuel,Gérard,H,http://www2.assemblee-nationale.fr/deputes/fiche/OMC_PA2155
Hervé Berville,Berville,Hervé,H,http://www2.assemblee-nationale.fr/deputes/fiche/OMC_PA719218
Hervé Pellois,Pellois,Hervé,H,http://www2.assemblee-nationale.fr/deputes/fiche/OMC_PA607595
Hervé Saulignac,Saulignac,Hervé,H,http://www2.assemblee-nationale.fr/deputes/fiche/OMC_PA340343
Hubert Julien-Laferrière,Julien-Laferrière,Hubert,H,http://www2.assemblee-nationale.fr/deputes/fiche/OMC_PA722344
Hubert Wulfranc,Wulfranc,Hubert,H,http://www2.assemblee-nationale.fr/deputes/fiche/OMC_PA722110
Hugues Renson,Renson,Hugues,H,http://www2.assemblee-nationale.fr/deputes/fiche/OMC_PA721824
Huguette Tiegna,Tiegna,Huguette,F,http://www2.assemblee-nationale.fr/deputes/fiche/OMC_PA720014
Hélène Vainqueur-Christophe,Vainqueur-Christophe,Hélène,F,http://www2.assemblee-nationale.fr/deputes/fiche/OMC_PA643145
Hélène Zannier,Zannier,Hélène,F,http://www2.assemblee-nationale.fr/deputes/fiche/OMC_PA720318
Ian Boucard,Boucard,Ian,H,http://www2.assemblee-nationale.fr/deputes/fiche/OMC_PA721816
Isabelle Florennes,Florennes,Isabelle,F,http://www2.assemblee-nationale.fr/deputes/fiche/OMC_PA721742
Isabelle Rauch,Rauch,Isabelle,F,http://www2.assemblee-nationale.fr/deputes/fiche/OMC_PA720552
Isabelle Santiago,Santiago,Isabelle,F,http://www2.assemblee-nationale.fr/deputes/fiche/OMC_PA774960
Isabelle Valentin,Valentin,Isabelle,F,http://www2.assemblee-nationale.fr/deputes/fiche/OMC_PA643134
Jacqueline Dubois,Dubois,Jacqueline,F,http://www2.assemblee-nationale.fr/deputes/fiche/OMC_PA719162
Jacqueline Maquet,Maquet,Jacqueline,F,http://www2.assemblee-nationale.fr/deputes/fiche/OMC_PA334116
Jacques Cattin,Cattin,Jacques,H,http://www2.assemblee-nationale.fr/deputes/fiche/OMC_PA767
Jacques Krabal,Krabal,Jacques,H,http://www2.assemblee-nationale.fr/deputes/fiche/OMC_PA605084
Jacques Maire,Maire,Jacques,H,http://www2.assemblee-nationale.fr/deputes/fiche/OMC_PA722178
Jacques Marilossian,Marilossian,Jacques,H,http://www2.assemblee-nationale.fr/deputes/fiche/OMC_PA721946
Jean François Mbaye,Mbaye,Jean François,H,http://www2.assemblee-nationale.fr/deputes/fiche/OMC_PA720870
Jean Lassalle,Lassalle,Jean,H,http://www2.assemblee-nationale.fr/deputes/fiche/OMC_PA1838
Jean Terlier,Terlier,Jean,H,http://www2.assemblee-nationale.fr/deputes/fiche/OMC_PA721584
Jean-Baptiste Moreau,Moreau,Jean-Baptiste,H,http://www2.assemblee-nationale.fr/deputes/fiche/OMC_PA719242
Jean-Bernard Sempastous,Sempastous,Jean-Bernard,H,http://www2.assemblee-nationale.fr/deputes/fiche/OMC_PA720780
Jean-Carles Grelier,Grelier,Jean-Carles,H,http://www2.assemblee-nationale.fr/deputes/fiche/OMC_PA267318
Jean-Charles Colas-Roy,Colas-Roy,Jean-Charles,H,http://www2.assemblee-nationale.fr/deputes/fiche/OMC_PA719740
Jean-Charles Larsonneur,Larsonneur,Jean-Charles,H,http://www2.assemblee-nationale.fr/deputes/fiche/OMC_PA719396
Jean-Christophe Lagarde,Lagarde,Jean-Christophe,H,http://www2.assemblee-nationale.fr/deputes/fiche/OMC_PA268019
Jean-Claude Bouchet,Bouchet,Jean-Claude,H,http://www2.assemblee-nationale.fr/deputes/fiche/OMC_PA336316
Jean-Claude Leclabart,Leclabart,Jean-Claude,H,http://www2.assemblee-nationale.fr/deputes/fiche/OMC_PA722228
Jean-François Eliaou,Eliaou,Jean-François,H,http://www2.assemblee-nationale.fr/deputes/fiche/OMC_PA719692
Jean-François Portarrieu,Portarrieu,Jean-François,H,http://www2.assemblee-nationale.fr/deputes/fiche/OMC_PA719528
Jean-Félix Acquaviva,Acquaviva,Jean-Félix,H,http://www2.assemblee-nationale.fr/deputes/fiche/OMC_PA719146
Jean-Hugues Ratenon,Ratenon,Jean-Hugues,H,http://www2.assemblee-nationale.fr/deputes/fiche/OMC_PA721062
Jean-Jacques Bridey,Bridey,Jean-Jacques,H,http://www2.assemblee-nationale.fr/deputes/fiche/OMC_PA672
Jean-Jacques Ferrara,Ferrara,Jean-Jacques,H,http://www2.assemblee-nationale.fr/deputes/fiche/OMC_PA643103
Jean-Jacques Gaultier,Gaultier,Jean-Jacques,H,http://www2.assemblee-nationale.fr/deputes/fiche/OMC_PA267324
Jean-Louis Bourlanges,Bourlanges,Jean-Louis,H,http://www2.assemblee-nationale.fr/deputes/fiche/OMC_PA721608
Jean-Louis Bricout,Bricout,Jean-Louis,H,http://www2.assemblee-nationale.fr/deputes/fiche/OMC_PA605069
Jean-Louis Thiériot,Thiériot,Jean-Louis,H,http://www2.assemblee-nationale.fr/deputes/fiche/OMC_PA643089
Jean-Louis Touraine,Touraine,Jean-Louis,H,http://www2.assemblee-nationale.fr/deputes/fiche/OMC_PA334768
Jean-Luc Bourgeaux,Bourgeaux,Jean-Luc,H,http://www2.assemblee-nationale.fr/deputes/fiche/OMC_PA342240
Jean-Luc Fugit,Fugit,Jean-Luc,H,http://www2.assemblee-nationale.fr/deputes/fiche/OMC_PA722366
Jean-Luc Lagleize,Lagleize,Jean-Luc,H,http://www2.assemblee-nationale.fr/deputes/fiche/OMC_PA719504
Jean-Luc Mélenchon,Mélenchon,Jean-Luc,H,http://www2.assemblee-nationale.fr/deputes/fiche/OMC_PA2150
Jean-Luc Poudroux,Poudroux,Jean-Luc,H,http://www2.assemblee-nationale.fr/deputes/fiche/OMC_PA759192
Jean-Luc Reitzer,Reitzer,Jean-Luc,H,http://www2.assemblee-nationale.fr/deputes/fiche/OMC_PA2529
Jean-Luc Warsmann,Warsmann,Jean-Luc,H,http://www2.assemblee-nationale.fr/deputes/fiche/OMC_PA2952
Jean-Marc Zulesi,Zulesi,Jean-Marc,H,http://www2.assemblee-nationale.fr/deputes/fiche/OMC_PA718962
Jean-Marie Fiévet,Fiévet,Jean-Marie,H,http://www2.assemblee-nationale.fr/deputes/fiche/OMC_PA722134
Jean-Marie Sermier,Sermier,Jean-Marie,H,http://www2.assemblee-nationale.fr/deputes/fiche/OMC_PA267204
Jean-Michel Clément,Clément,Jean-Michel,H,http://www2.assemblee-nationale.fr/deputes/fiche/OMC_PA336439
Jean-Michel Fauvergue,Fauvergue,Jean-Michel,H,http://www2.assemblee-nationale.fr/deputes/fiche/OMC_PA721702
Jean-Michel Jacques,Jacques,Jean-Michel,H,http://www2.assemblee-nationale.fr/deputes/fiche/OMC_PA720354
Jean-Michel Mis,Mis,Jean-Michel,H,http://www2.assemblee-nationale.fr/deputes/fiche/OMC_PA719952
Jean-Noël Barrot,Barrot,Jean-Noël,H,http://www2.assemblee-nationale.fr/deputes/fiche/OMC_PA721836
Jean-Paul Dufrègne,Dufrègne,Jean-Paul,H,http://www2.assemblee-nationale.fr/deputes/fiche/OMC_PA718720
Jean-Paul Lecoq,Lecoq,Jean-Paul,H,http://www2.assemblee-nationale.fr/deputes/fiche/OMC_PA335612
Jean-Paul Mattei,Mattei,Jean-Paul,H,http://www2.assemblee-nationale.fr/deputes/fiche/OMC_PA720728
Jean-Philippe Ardouin,Ardouin,Jean-Philippe,H,http://www2.assemblee-nationale.fr/deputes/fiche/OMC_PA719100
Jean-Philippe Nilor,Nilor,Jean-Philippe,H,http://www2.assemblee-nationale.fr/deputes/fiche/OMC_PA610654
Jean-Pierre Cubertafon,Cubertafon,Jean-Pierre,H,http://www2.assemblee-nationale.fr/deputes/fiche/OMC_PA719266
Jean-Pierre Door,Door,Jean-Pierre,H,http://www2.assemblee-nationale.fr/deputes/fiche/OMC_PA267289
Jean-Pierre Pont,Pont,Jean-Pierre,H,http://www2.assemblee-nationale.fr/deputes/fiche/OMC_PA2449
Jean-Pierre Vigier,Vigier,Jean-Pierre,H,http://www2.assemblee-nationale.fr/deputes/fiche/OMC_PA607090
Jean-René Cazeneuve,Cazeneuve,Jean-René,H,http://www2.assemblee-nationale.fr/deputes/fiche/OMC_PA719472
Jean-Yves Bony,Bony,Jean-Yves,H,http://www2.assemblee-nationale.fr/deputes/fiche/OMC_PA266793
Jeanine Dubié,Dubié,Jeanine,F,http://www2.assemblee-nationale.fr/deputes/fiche/OMC_PA608292
Jennifer De Temmerman,Temmerman (De),Jennifer,F,http://www2.assemblee-nationale.fr/deputes/fiche/OMC_PA720538
Jimmy Pahun,Pahun,Jimmy,H,http://www2.assemblee-nationale.fr/deputes/fiche/OMC_PA720334
Joachim Son-Forget,Son-Forget,Joachim,H,http://www2.assemblee-nationale.fr/deputes/fiche/OMC_PA721174
Josette Manin,Manin,Josette,F,http://www2.assemblee-nationale.fr/deputes/fiche/OMC_PA720988
Josiane Corneloup,Corneloup,Josiane,F,http://www2.assemblee-nationale.fr/deputes/fiche/OMC_PA722390
Josy Poueyto,Poueyto,Josy,F,http://www2.assemblee-nationale.fr/deputes/fiche/OMC_PA720720
Joël Aviragnet,Aviragnet,Joël,H,http://www2.assemblee-nationale.fr/deputes/fiche/OMC_PA642764
Julien Aubert,Aubert,Julien,H,http://www2.assemblee-nationale.fr/deputes/fiche/OMC_PA609726
Julien Borowczyk,Borowczyk,Julien,H,http://www2.assemblee-nationale.fr/deputes/fiche/OMC_PA719980
Julien Dive,Dive,Julien,H,http://www2.assemblee-nationale.fr/deputes/fiche/OMC_PA712015
Julien Ravier,Ravier,Julien,H,http://www2.assemblee-nationale.fr/deputes/fiche/OMC_PA719002
Justine Benin,Benin,Justine,F,http://www2.assemblee-nationale.fr/deputes/fiche/OMC_PA720968
Jérôme Lambert,Lambert,Jérôme,H,http://www2.assemblee-nationale.fr/deputes/fiche/OMC_PA1809
Jérôme Nury,Nury,Jérôme,H,http://www2.assemblee-nationale.fr/deputes/fiche/OMC_PA720644
Karine Lebon,Lebon,Karine,F,http://www2.assemblee-nationale.fr/deputes/fiche/OMC_PA774962
Laetitia Avia,Avia,Laetitia,F,http://www2.assemblee-nationale.fr/deputes/fiche/OMC_PA721624
Laetitia Saint-Paul,Saint-Paul,Laetitia,F,http://www2.assemblee-nationale.fr/deputes/fiche/OMC_PA720138
Laurence Dumont,Dumont,Laurence,F,http://www2.assemblee-nationale.fr/deputes/fiche/OMC_PA1198
Laurence Gayte,Gayte,Laurence,F,http://www2.assemblee-nationale.fr/deputes/fiche/OMC_PA720806
Laurence Maillart-Méhaignerie,Maillart-Méhaignerie,Laurence,F,http://www2.assemblee-nationale.fr/deputes/fiche/OMC_PA719718
Laurence Trastour-Isnart,Trastour-Isnart,Laurence,F,http://www2.assemblee-nationale.fr/deputes/fiche/OMC_PA718780
Laurence Vanceunebrock,Vanceunebrock,Laurence,F,http://www2.assemblee-nationale.fr/deputes/fiche/OMC_PA718728
Laurence Vichnievsky,Vichnievsky,Laurence,F,http://www2.assemblee-nationale.fr/deputes/fiche/OMC_PA720704
Laurent Saint-Martin,Saint-Martin,Laurent,H,http://www2.assemblee-nationale.fr/deputes/fiche/OMC_PA720878
Laurianne Rossi,Rossi,Laurianne,F,http://www2.assemblee-nationale.fr/deputes/fiche/OMC_PA721600
Laëtitia Romeiro Dias,Romeiro Dias,Laëtitia,F,http://www2.assemblee-nationale.fr/deputes/fiche/OMC_PA722022
Liliana Tanguy,Tanguy,Liliana,F,http://www2.assemblee-nationale.fr/deputes/fiche/OMC_PA719550
Lionel Causse,Causse,Lionel,H,http://www2.assemblee-nationale.fr/deputes/fiche/OMC_PA719922
Lise Magnier,Magnier,Lise,F,http://www2.assemblee-nationale.fr/deputes/fiche/OMC_PA720230
Loïc Dombreval,Dombreval,Loïc,H,http://www2.assemblee-nationale.fr/deputes/fiche/OMC_PA718894
Loïc Kervran,Kervran,Loïc,H,http://www2.assemblee-nationale.fr/deputes/fiche/OMC_PA719052
Loïc Prud'homme,Prud'homme,Loïc,H,http://www2.assemblee-nationale.fr/deputes/fiche/OMC_PA719578
Luc Geismar,Geismar,Luc,H,http://www2.assemblee-nationale.fr/deputes/fiche/OMC_PA720006
Luc Lamirault,Lamirault,Luc,H,http://www2.assemblee-nationale.fr/deputes/fiche/OMC_PA719382
Ludovic Mendes,Mendes,Ludovic,H,http://www2.assemblee-nationale.fr/deputes/fiche/OMC_PA720370
Lénaïck Adam,Adam,Lénaïck,H,http://www2.assemblee-nationale.fr/deputes/fiche/OMC_PA721036
M'jid El Guerrab,El Guerrab,M'jid,H,http://www2.assemblee-nationale.fr/deputes/fiche/OMC_PA720996
Maina Sage,Sage,Maina,F,http://www2.assemblee-nationale.fr/deputes/fiche/OMC_PA702052
Mansour Kamardine,Kamardine,Mansour,H,http://www2.assemblee-nationale.fr/deputes/fiche/OMC_PA267901
Manuéla Kéclard-Mondésir,Kéclard-Mondésir,Manuéla,F,http://www2.assemblee-nationale.fr/deputes/fiche/OMC_PA721012
Marc Delatte,Delatte,Marc,H,http://www2.assemblee-nationale.fr/deputes/fiche/OMC_PA718694
Marc Le Fur,Le Fur,Marc,H,http://www2.assemblee-nationale.fr/deputes/fiche/OMC_PA1874
Marguerite Deprez-Audebert,Deprez-Audebert,Marguerite,F,http://www2.assemblee-nationale.fr/deputes/fiche/OMC_PA720598
Marianne Dubois,Dubois,Marianne,F,http://www2.assemblee-nationale.fr/deputes/fiche/OMC_PA342935
Marie Guévenoux,Guévenoux,Marie,F,http://www2.assemblee-nationale.fr/deputes/fiche/OMC_PA721880
Marie Lebec,Lebec,Marie,F,http://www2.assemblee-nationale.fr/deputes/fiche/OMC_PA721852
Marie Silin,Silin,Marie,F,http://www2.assemblee-nationale.fr/deputes/fiche/OMC_PA721768
Marie Tamarelle-Verhaeghe,Tamarelle-Verhaeghe,Marie,F,http://www2.assemblee-nationale.fr/deputes/fiche/OMC_PA719350
Marie-Ange Magne,Magne,Marie-Ange,F,http://www2.assemblee-nationale.fr/deputes/fiche/OMC_PA722244
Marie-Christine Dalloz,Dalloz,Marie-Christine,F,http://www2.assemblee-nationale.fr/deputes/fiche/OMC_PA332523
Marie-Christine Verdier-Jouclas,Verdier-Jouclas,Marie-Christine,F,http://www2.assemblee-nationale.fr/deputes/fiche/OMC_PA721542
Marie-France Lorho,Lorho,Marie-France,F,http://www2.assemblee-nationale.fr/deputes/fiche/OMC_PA721932
Marie-George Buffet,Buffet,Marie-George,F,http://www2.assemblee-nationale.fr/deputes/fiche/OMC_PA689
Marie-Noëlle Battistel,Battistel,Marie-Noëlle,F,http://www2.assemblee-nationale.fr/deputes/fiche/OMC_PA342415
Marie-Pierre Rixain,Rixain,Marie-Pierre,F,http://www2.assemblee-nationale.fr/deputes/fiche/OMC_PA722252
Marietta Karamanli,Karamanli,Marietta,F,http://www2.assemblee-nationale.fr/deputes/fiche/OMC_PA335054
Marine Brenier,Brenier,Marine,F,http://www2.assemblee-nationale.fr/deputes/fiche/OMC_PA713448
Marine Le Pen,Le Pen,Marine,F,http://www2.assemblee-nationale.fr/deputes/fiche/OMC_PA720614
Marion Lenne,Lenne,Marion,F,http://www2.assemblee-nationale.fr/deputes/fiche/OMC_PA721450
Marjolaine Meynier-Millefert,Meynier-Millefert,Marjolaine,F,http://www2.assemblee-nationale.fr/deputes/fiche/OMC_PA719882
Martine Leguille-Balloy,Leguille-Balloy,Martine,F,http://www2.assemblee-nationale.fr/deputes/fiche/OMC_PA722008
Martine Wonner,Wonner,Martine,F,http://www2.assemblee-nationale.fr/deputes/fiche/OMC_PA722268
Mathilde Panot,Panot,Mathilde,F,http://www2.assemblee-nationale.fr/deputes/fiche/OMC_PA720892
Matthieu Orphelin,Orphelin,Matthieu,H,http://www2.assemblee-nationale.fr/deputes/fiche/OMC_PA720278
Maud Gatel,Gatel,Maud,F,http://www2.assemblee-nationale.fr/deputes/fiche/OMC_PA721760
Maud Petit,Petit,Maud,F,http://www2.assemblee-nationale.fr/deputes/fiche/OMC_PA721234
Max Mathiasin,Mathiasin,Max,H,http://www2.assemblee-nationale.fr/deputes/fiche/OMC_PA720976
Maxime Minot,Minot,Maxime,H,http://www2.assemblee-nationale.fr/deputes/fiche/OMC_PA720630
Meyer Habib,Habib,Meyer,H,http://www2.assemblee-nationale.fr/deputes/fiche/OMC_PA695100
Michel Castellani,Castellani,Michel,H,http://www2.assemblee-nationale.fr/deputes/fiche/OMC_PA719138
Michel Delpon,Delpon,Michel,H,http://www2.assemblee-nationale.fr/deputes/fiche/OMC_PA719258
Michel Fanget,Fanget,Michel,H,http://www2.assemblee-nationale.fr/deputes/fiche/OMC_PA1276
Michel Herbillon,Herbillon,Michel,H,http://www2.assemblee-nationale.fr/deputes/fiche/OMC_PA1630
Michel Larive,Larive,Michel,H,http://www2.assemblee-nationale.fr/deputes/fiche/OMC_PA718868
Michel Lauzzana,Lauzzana,Michel,H,http://www2.assemblee-nationale.fr/deputes/fiche/OMC_PA720022
Michel Vialay,Vialay,Michel,H,http://www2.assemblee-nationale.fr/deputes/fiche/OMC_PA721968
Michel Zumkeller,Zumkeller,Michel,H,http://www2.assemblee-nationale.fr/deputes/fiche/OMC_PA267330
Michèle Crouzet,Crouzet,Michèle,F,http://www2.assemblee-nationale.fr/deputes/fiche/OMC_PA721808
Michèle Peyron,Peyron,Michèle,F,http://www2.assemblee-nationale.fr/deputes/fiche/OMC_PA721710
Michèle Tabarot,Tabarot,Michèle,F,http://www2.assemblee-nationale.fr/deputes/fiche/OMC_PA267794
Michèle Victory,Victory,Michèle,F,http://www2.assemblee-nationale.fr/deputes/fiche/OMC_PA340357
Michèle de Vaucouleurs,Vaucouleurs (de),Michèle,F,http://www2.assemblee-nationale.fr/deputes/fiche/OMC_PA721924
Mickaël Nogal,Nogal,Mickaël,H,http://www2.assemblee-nationale.fr/deputes/fiche/OMC_PA719520
Mireille Clapot,Clapot,Mireille,F,http://www2.assemblee-nationale.fr/deputes/fiche/OMC_PA719294
Mireille Robert,Robert,Mireille,F,http://www2.assemblee-nationale.fr/deputes/fiche/OMC_PA718810
Moetai Brotherson,Brotherson,Moetai,H,http://www2.assemblee-nationale.fr/deputes/fiche/OMC_PA721118
Mohamed Laqhila,Laqhila,Mohamed,H,http://www2.assemblee-nationale.fr/deputes/fiche/OMC_PA718978
Monica Michel-Brassart,Michel-Brassart,Monica,F,http://www2.assemblee-nationale.fr/deputes/fiche/OMC_PA719130
Monique Iborra,Iborra,Monique,F,http://www2.assemblee-nationale.fr/deputes/fiche/OMC_PA331835
Monique Limon,Limon,Monique,F,http://www2.assemblee-nationale.fr/deputes/fiche/OMC_PA719858
Mounir Mahjoubi,Mahjoubi,Mounir,H,http://www2.assemblee-nationale.fr/deputes/fiche/OMC_PA717167
Muriel Ressiguier,Ressiguier,Muriel,F,http://www2.assemblee-nationale.fr/deputes/fiche/OMC_PA719676
Muriel Roques-Etienne,Roques-Etienne,Muriel,F,http://www2.assemblee-nationale.fr/deputes/fiche/OMC_PA721538
Myriane Houplain,Houplain,Myriane,F,http://www2.assemblee-nationale.fr/deputes/fiche/OMC_PA720610
Nadia Essayan,Essayan,Nadia,F,http://www2.assemblee-nationale.fr/deputes/fiche/OMC_PA719044
Nadia Ramassamy,Ramassamy,Nadia,F,http://www2.assemblee-nationale.fr/deputes/fiche/OMC_PA721070
Natalia Pouzyreff,Pouzyreff,Natalia,F,http://www2.assemblee-nationale.fr/deputes/fiche/OMC_PA721916
Nathalie Bassire,Bassire,Nathalie,F,http://www2.assemblee-nationale.fr/deputes/fiche/OMC_PA721046
Nathalie Porte,Porte,Nathalie,F,http://www2.assemblee-nationale.fr/deputes/fiche/OMC_PA719020
Nathalie Sarles,Sarles,Nathalie,F,http://www2.assemblee-nationale.fr/deputes/fiche/OMC_PA719972
Nathalie Serre,Serre,Nathalie,F,http://www2.assemblee-nationale.fr/deputes/fiche/OMC_PA722308
Naïma Moutchou,Moutchou,Naïma,F,http://www2.assemblee-nationale.fr/deputes/fiche/OMC_PA720908
Nicolas Dupont-Aignan,Dupont-Aignan,Nicolas,H,http://www2.assemblee-nationale.fr/deputes/fiche/OMC_PA1206
Nicolas Démoulin,Démoulin,Nicolas,H,http://www2.assemblee-nationale.fr/deputes/fiche/OMC_PA719830
Nicolas Forissier,Forissier,Nicolas,H,http://www2.assemblee-nationale.fr/deputes/fiche/OMC_PA1327
Nicolas Meizonnet,Meizonnet,Nicolas,H,http://www2.assemblee-nationale.fr/deputes/fiche/OMC_PA719436
Nicolas Turquois,Turquois,Nicolas,H,http://www2.assemblee-nationale.fr/deputes/fiche/OMC_PA722162
Nicole Dubré-Chirat,Dubré-Chirat,Nicole,F,http://www2.assemblee-nationale.fr/deputes/fiche/OMC_PA720154
Nicole Le Peih,Le Peih,Nicole,F,http://www2.assemblee-nationale.fr/deputes/fiche/OMC_PA720342
Nicole Sanquer,Sanquer,Nicole,F,http://www2.assemblee-nationale.fr/deputes/fiche/OMC_PA721110
Nicole Trisse,Trisse,Nicole,F,http://www2.assemblee-nationale.fr/deputes/fiche/OMC_PA720394
Olga Givernet,Givernet,Olga,F,http://www2.assemblee-nationale.fr/deputes/fiche/OMC_PA718674
Olivier Becht,Becht,Olivier,H,http://www2.assemblee-nationale.fr/deputes/fiche/OMC_PA642935
Olivier Damaisin,Damaisin,Olivier,H,http://www2.assemblee-nationale.fr/deputes/fiche/OMC_PA720268
Olivier Falorni,Falorni,Olivier,H,http://www2.assemblee-nationale.fr/deputes/fiche/OMC_PA605694
Olivier Faure,Faure,Olivier,H,http://www2.assemblee-nationale.fr/deputes/fiche/OMC_PA609332
Olivier Marleix,Marleix,Olivier,H,http://www2.assemblee-nationale.fr/deputes/fiche/OMC_PA606098
Olivier Serva,Serva,Olivier,H,http://www2.assemblee-nationale.fr/deputes/fiche/OMC_PA720960
Pacôme Rupin,Rupin,Pacôme,H,http://www2.assemblee-nationale.fr/deputes/fiche/OMC_PA721616
Pascal Bois,Bois,Pascal,H,http://www2.assemblee-nationale.fr/deputes/fiche/OMC_PA720576
Pascal Brindeau,Brindeau,Pascal,H,http://www2.assemblee-nationale.fr/deputes/fiche/OMC_PA342601
Pascale Boyer,Boyer,Pascale,F,http://www2.assemblee-nationale.fr/deputes/fiche/OMC_PA718710
Pascale Fontenel-Personne,Fontenel-Personne,Pascale,F,http://www2.assemblee-nationale.fr/deputes/fiche/OMC_PA721384
Patrice Anato,Anato,Patrice,H,http://www2.assemblee-nationale.fr/deputes/fiche/OMC_PA721278
Patrice Perrot,Perrot,Patrice,H,http://www2.assemblee-nationale.fr/deputes/fiche/OMC_PA720414
Patricia Lemoine,Lemoine,Patricia,F,http://www2.assemblee-nationale.fr/deputes/fiche/OMC_PA721632
Patricia Mirallès,Mirallès,Patricia,F,http://www2.assemblee-nationale.fr/deputes/fiche/OMC_PA719668
Patrick Hetzel,Hetzel,Patrick,H,http://www2.assemblee-nationale.fr/deputes/fiche/OMC_PA608416
Patrick Loiseau,Loiseau,Patrick,H,http://www2.assemblee-nationale.fr/deputes/fiche/OMC_PA721996
Patrick Mignola,Mignola,Patrick,H,http://www2.assemblee-nationale.fr/deputes/fiche/OMC_PA721418
Patrick Vignal,Vignal,Patrick,H,http://www2.assemblee-nationale.fr/deputes/fiche/OMC_PA606639
Paul Christophe,Christophe,Paul,H,http://www2.assemblee-nationale.fr/deputes/fiche/OMC_PA642868
Paul Molac,Molac,Paul,H,http://www2.assemblee-nationale.fr/deputes/fiche/OMC_PA607619
Paul-André Colombani,Colombani,Paul-André,H,http://www2.assemblee-nationale.fr/deputes/fiche/OMC_PA719286
Paula Forteza,Forteza,Paula,F,http://www2.assemblee-nationale.fr/deputes/fiche/OMC_PA721142
Perrine Goulet,Goulet,Perrine,F,http://www2.assemblee-nationale.fr/deputes/fiche/OMC_PA720560
Philippe Benassaya,Benassaya,Philippe,H,http://www2.assemblee-nationale.fr/deputes/fiche/OMC_PA774952
Philippe Berta,Berta,Philippe,H,http://www2.assemblee-nationale.fr/deputes/fiche/OMC_PA719488
Philippe Bolo,Bolo,Philippe,H,http://www2.assemblee-nationale.fr/deputes/fiche/OMC_PA720162
Philippe Chalumeau,Chalumeau,Philippe,H,http://www2.assemblee-nationale.fr/deputes/fiche/OMC_PA719790
Philippe Chassaing,Chassaing,Philippe,H,http://www2.assemblee-nationale.fr/deputes/fiche/OMC_PA719250
Philippe Dunoyer,Dunoyer,Philippe,H,http://www2.assemblee-nationale.fr/deputes/fiche/OMC_PA721094
Philippe Gomès,Gomès,Philippe,H,http://www2.assemblee-nationale.fr/deputes/fiche/OMC_PA610775
Philippe Gosselin,Gosselin,Philippe,H,http://www2.assemblee-nationale.fr/deputes/fiche/OMC_PA266797
Philippe Huppé,Huppé,Philippe,H,http://www2.assemblee-nationale.fr/deputes/fiche/OMC_PA719700
Philippe Latombe,Latombe,Philippe,H,http://www2.assemblee-nationale.fr/deputes/fiche/OMC_PA721984
Philippe Meyer,Meyer,Philippe,H,http://www2.assemblee-nationale.fr/deputes/fiche/OMC_PA722280
Philippe Michel-Kleisbauer,Michel-Kleisbauer,Philippe,H,http://www2.assemblee-nationale.fr/deputes/fiche/OMC_PA721734
Philippe Naillet,Naillet,Philippe,H,http://www2.assemblee-nationale.fr/deputes/fiche/OMC_PA643157
Philippe Vigier,Vigier,Philippe,H,http://www2.assemblee-nationale.fr/deputes/fiche/OMC_PA331582
Pierre Cabaré,Cabaré,Pierre,H,http://www2.assemblee-nationale.fr/deputes/fiche/OMC_PA719496
Pierre Cordier,Cordier,Pierre,H,http://www2.assemblee-nationale.fr/deputes/fiche/OMC_PA718850
Pierre Dharréville,Dharréville,Pierre,H,http://www2.assemblee-nationale.fr/deputes/fiche/OMC_PA718926
Pierre Henriet,Henriet,Pierre,H,http://www2.assemblee-nationale.fr/deputes/fiche/OMC_PA722070
Pierre Morel-À-L'Huissier,Morel-À-L'Huissier,Pierre,H,http://www2.assemblee-nationale.fr/deputes/fiche/OMC_PA266788
Pierre Person,Person,Pierre,H,http://www2.assemblee-nationale.fr/deputes/fiche/OMC_PA721568
Pierre Vatin,Vatin,Pierre,H,http://www2.assemblee-nationale.fr/deputes/fiche/OMC_PA720586
Pierre Venteau,Venteau,Pierre,H,http://www2.assemblee-nationale.fr/deputes/fiche/OMC_PA722240
Pierre-Alain Raphan,Raphan,Pierre-Alain,H,http://www2.assemblee-nationale.fr/deputes/fiche/OMC_PA721888
Pierre-Henri Dumont,Dumont,Pierre-Henri,H,http://www2.assemblee-nationale.fr/deputes/fiche/OMC_PA720684
Pierre-Yves Bournazel,Bournazel,Pierre-Yves,H,http://www2.assemblee-nationale.fr/deputes/fiche/OMC_PA722030
Pieyre-Alexandre Anglade,Anglade,Pieyre-Alexandre,H,http://www2.assemblee-nationale.fr/deputes/fiche/OMC_PA721158
Ramlati Ali,Ali,Ramlati,F,http://www2.assemblee-nationale.fr/deputes/fiche/OMC_PA724827
Raphaël Gauvain,Gauvain,Raphaël,H,http://www2.assemblee-nationale.fr/deputes/fiche/OMC_PA721364
Raphaël Gérard,Gérard,Raphaël,H,http://www2.assemblee-nationale.fr/deputes/fiche/OMC_PA719108
Raphaël Schellenberger,Schellenberger,Raphaël,H,http://www2.assemblee-nationale.fr/deputes/fiche/OMC_PA721314
Richard Ferrand,Ferrand,Richard,H,http://www2.assemblee-nationale.fr/deputes/fiche/OMC_PA606171
Richard Lioger,Lioger,Richard,H,http://www2.assemblee-nationale.fr/deputes/fiche/OMC_PA720378
Richard Ramos,Ramos,Richard,H,http://www2.assemblee-nationale.fr/deputes/fiche/OMC_PA720092
Robert Therry,Therry,Robert,H,http://www2.assemblee-nationale.fr/deputes/fiche/OMC_PA720672
Robin Reda,Reda,Robin,H,http://www2.assemblee-nationale.fr/deputes/fiche/OMC_PA721678
Rodrigue Kokouendo,Kokouendo,Rodrigue,H,http://www2.assemblee-nationale.fr/deputes/fiche/OMC_PA721644
Roland Lescure,Lescure,Roland,H,http://www2.assemblee-nationale.fr/deputes/fiche/OMC_PA721134
Romain Grau,Grau,Romain,H,http://www2.assemblee-nationale.fr/deputes/fiche/OMC_PA720790
Régis Juanico,Juanico,Régis,H,http://www2.assemblee-nationale.fr/deputes/fiche/OMC_PA332614
Rémi Delatte,Delatte,Rémi,H,http://www2.assemblee-nationale.fr/deputes/fiche/OMC_PA267450
Rémy Rebeyrotte,Rebeyrotte,Rémy,H,http://www2.assemblee-nationale.fr/deputes/fiche/OMC_PA722398
Sabine Rubin,Rubin,Sabine,F,http://www2.assemblee-nationale.fr/deputes/fiche/OMC_PA721226
Sabine Thillaye,Thillaye,Sabine,F,http://www2.assemblee-nationale.fr/deputes/fiche/OMC_PA719822
Sacha Houlié,Houlié,Sacha,H,http://www2.assemblee-nationale.fr/deputes/fiche/OMC_PA722150
Sandra Boëlle,Boëlle,Sandra,F,http://www2.assemblee-nationale.fr/deputes/fiche/OMC_PA721832
Sandra Marsaud,Marsaud,Sandra,F,http://www2.assemblee-nationale.fr/deputes/fiche/OMC_PA719080
Sandrine Josso,Josso,Sandrine,F,http://www2.assemblee-nationale.fr/deputes/fiche/OMC_PA720038
Sandrine Le Feur,Le Feur,Sandrine,F,http://www2.assemblee-nationale.fr/deputes/fiche/OMC_PA719412
Sandrine Mörch,Mörch,Sandrine,F,http://www2.assemblee-nationale.fr/deputes/fiche/OMC_PA719456
Saïd Ahamada,Ahamada,Saïd,H,http://www2.assemblee-nationale.fr/deputes/fiche/OMC_PA718954
Sereine Mauborgne,Mauborgne,Sereine,F,http://www2.assemblee-nationale.fr/deputes/fiche/OMC_PA721726
Sira Sylla,Sylla,Sira,F,http://www2.assemblee-nationale.fr/deputes/fiche/OMC_PA722118
Sonia Krimi,Krimi,Sonia,F,http://www2.assemblee-nationale.fr/deputes/fiche/OMC_PA720202
Sophie Beaudouin-Hubiere,Beaudouin-Hubiere,Sophie,F,http://www2.assemblee-nationale.fr/deputes/fiche/OMC_PA722170
Sophie Errante,Errante,Sophie,F,http://www2.assemblee-nationale.fr/deputes/fiche/OMC_PA607193
Sophie Mette,Mette,Sophie,F,http://www2.assemblee-nationale.fr/deputes/fiche/OMC_PA719640
Sophie Métadier,Métadier,Sophie,F,http://www2.assemblee-nationale.fr/deputes/fiche/OMC_PA783463
Sophie Panonacle,Panonacle,Sophie,F,http://www2.assemblee-nationale.fr/deputes/fiche/OMC_PA719632
Souad Zitouni,Zitouni,Souad,F,http://www2.assemblee-nationale.fr/deputes/fiche/OMC_PA721864
Stanislas Guerini,Guerini,Stanislas,H,http://www2.assemblee-nationale.fr/deputes/fiche/OMC_PA721498
Stella Dupont,Dupont,Stella,F,http://www2.assemblee-nationale.fr/deputes/fiche/OMC_PA643175
Stéphane Buchou,Buchou,Stéphane,H,http://www2.assemblee-nationale.fr/deputes/fiche/OMC_PA722000
Stéphane Claireaux,Claireaux,Stéphane,H,http://www2.assemblee-nationale.fr/deputes/fiche/OMC_PA702054
Stéphane Mazars,Mazars,Stéphane,H,http://www2.assemblee-nationale.fr/deputes/fiche/OMC_PA677483
Stéphane Peu,Peu,Stéphane,H,http://www2.assemblee-nationale.fr/deputes/fiche/OMC_PA721270
Stéphane Testé,Testé,Stéphane,H,http://www2.assemblee-nationale.fr/deputes/fiche/OMC_PA720854
Stéphane Travert,Travert,Stéphane,H,http://www2.assemblee-nationale.fr/deputes/fiche/OMC_PA607395
Stéphane Trompille,Trompille,Stéphane,H,http://www2.assemblee-nationale.fr/deputes/fiche/OMC_PA718682
Stéphane Viry,Viry,Stéphane,H,http://www2.assemblee-nationale.fr/deputes/fiche/OMC_PA721474
Stéphane Vojetta,Vojetta,Stéphane,H,http://www2.assemblee-nationale.fr/deputes/fiche/OMC_PA721170
Stéphanie Atger,Atger,Stéphanie,F,http://www2.assemblee-nationale.fr/deputes/fiche/OMC_PA721674
Stéphanie Do,Do,Stéphanie,F,http://www2.assemblee-nationale.fr/deputes/fiche/OMC_PA721718
Stéphanie Kerbarh,Kerbarh,Stéphanie,F,http://www2.assemblee-nationale.fr/deputes/fiche/OMC_PA721514
Stéphanie Rist,Rist,Stéphanie,F,http://www2.assemblee-nationale.fr/deputes/fiche/OMC_PA720066
Sylvain Brial,Brial,Sylvain,H,http://www2.assemblee-nationale.fr/deputes/fiche/OMC_PA755549
Sylvain Maillard,Maillard,Sylvain,H,http://www2.assemblee-nationale.fr/deputes/fiche/OMC_PA717379
Sylvain Templier,Templier,Sylvain,H,http://www2.assemblee-nationale.fr/deputes/fiche/OMC_PA720246
Sylvain Waserman,Waserman,Sylvain,H,http://www2.assemblee-nationale.fr/deputes/fiche/OMC_PA720746
Sylvia Pinel,Pinel,Sylvia,F,http://www2.assemblee-nationale.fr/deputes/fiche/OMC_PA336175
Sylvie Bouchet Bellecourt,Bouchet Bellecourt,Sylvie,F,http://www2.assemblee-nationale.fr/deputes/fiche/OMC_PA721576
Sylvie Charrière,Charrière,Sylvie,F,http://www2.assemblee-nationale.fr/deputes/fiche/OMC_PA721218
Sylvie Tolmont,Tolmont,Sylvie,F,http://www2.assemblee-nationale.fr/deputes/fiche/OMC_PA608741
Sébastien Cazenove,Cazenove,Sébastien,H,http://www2.assemblee-nationale.fr/deputes/fiche/OMC_PA720814
Sébastien Chenu,Chenu,Sébastien,H,http://www2.assemblee-nationale.fr/deputes/fiche/OMC_PA720468
Sébastien Huyghe,Huyghe,Sébastien,H,http://www2.assemblee-nationale.fr/deputes/fiche/OMC_PA267200
Sébastien Jumel,Jumel,Sébastien,H,http://www2.assemblee-nationale.fr/deputes/fiche/OMC_PA722202
Sébastien Nadot,Nadot,Sébastien,H,http://www2.assemblee-nationale.fr/deputes/fiche/OMC_PA719464
Séverine Gipson,Gipson,Séverine,F,http://www2.assemblee-nationale.fr/deputes/fiche/OMC_PA719326
Thibault Bazin,Bazin,Thibault,H,http://www2.assemblee-nationale.fr/deputes/fiche/OMC_PA642847
Thierry Benoit,Benoit,Thierry,H,http://www2.assemblee-nationale.fr/deputes/fiche/OMC_PA332228
Thierry Michels,Michels,Thierry,H,http://www2.assemblee-nationale.fr/deputes/fiche/OMC_PA720738
Thierry Solère,Solère,Thierry,H,http://www2.assemblee-nationale.fr/deputes/fiche/OMC_PA346876
Thomas Gassilloud,Gassilloud,Thomas,H,http://www2.assemblee-nationale.fr/deputes/fiche/OMC_PA722358
Thomas Mesnier,Mesnier,Thomas,H,http://www2.assemblee-nationale.fr/deputes/fiche/OMC_PA719072
Thomas Rudigoz,Rudigoz,Thomas,H,http://www2.assemblee-nationale.fr/deputes/fiche/OMC_PA722292
Typhanie Degois,Degois,Typhanie,F,http://www2.assemblee-nationale.fr/deputes/fiche/OMC_PA721398
Ugo Bernalicis,Bernalicis,Ugo,H,http://www2.assemblee-nationale.fr/deputes/fiche/OMC_PA720430
Valéria Faure-Muntian,Faure-Muntian,Valéria,F,http://www2.assemblee-nationale.fr/deputes/fiche/OMC_PA719960
Valérie Bazin-Malgras,Bazin-Malgras,Valérie,F,http://www2.assemblee-nationale.fr/deputes/fiche/OMC_PA718884
Valérie Beauvais,Beauvais,Valérie,F,http://www2.assemblee-nationale.fr/deputes/fiche/OMC_PA720210
Valérie Gomez-Bassac,Gomez-Bassac,Valérie,F,http://www2.assemblee-nationale.fr/deputes/fiche/OMC_PA721784
Valérie Oppelt,Oppelt,Valérie,F,http://www2.assemblee-nationale.fr/deputes/fiche/OMC_PA720108
Valérie Petit,Petit,Valérie,F,http://www2.assemblee-nationale.fr/deputes/fiche/OMC_PA720500
Valérie Rabault,Rabault,Valérie,F,http://www2.assemblee-nationale.fr/deputes/fiche/OMC_PA609590
Valérie Six,Six,Valérie,F,http://www2.assemblee-nationale.fr/deputes/fiche/OMC_PA720488
Valérie Thomas,Thomas,Valérie,F,http://www2.assemblee-nationale.fr/deputes/fiche/OMC_PA720830
Victor Habert-Dassault,Habert-Dassault,Victor,H,http://www2.assemblee-nationale.fr/deputes/fiche/OMC_PA783457
Vincent Bru,Bru,Vincent,H,http://www2.assemblee-nationale.fr/deputes/fiche/OMC_PA720772
Vincent Descoeur,Descoeur,Vincent,H,http://www2.assemblee-nationale.fr/deputes/fiche/OMC_PA330909
Vincent Ledoux,Ledoux,Vincent,H,http://www2.assemblee-nationale.fr/deputes/fiche/OMC_PA712014
Vincent Rolland,Rolland,Vincent,H,http://www2.assemblee-nationale.fr/deputes/fiche/OMC_PA266808
Vincent Thiébaut,Thiébaut,Vincent,H,http://www2.assemblee-nationale.fr/deputes/fiche/OMC_PA722336
Virginie Duby-Muller,Duby-Muller,Virginie,F,http://www2.assemblee-nationale.fr/deputes/fiche/OMC_PA608826
Véronique Hammerer,Hammerer,Véronique,F,http://www2.assemblee-nationale.fr/deputes/fiche/OMC_PA719652
Véronique Louwagie,Louwagie,Véronique,F,http://www2.assemblee-nationale.fr/deputes/fiche/OMC_PA608016
Véronique Riotton,Riotton,Véronique,F,http://www2.assemblee-nationale.fr/deputes/fiche/OMC_PA721426
Xavier Batut,Batut,Xavier,H,http://www2.assemblee-nationale.fr/deputes/fiche/OMC_PA721522
Xavier Breton,Breton,Xavier,H,http://www2.assemblee-nationale.fr/deputes/fiche/OMC_PA330008
Xavier Paluszkiewicz,Paluszkiewicz,Xavier,H,http://www2.assemblee-nationale.fr/deputes/fiche/OMC_PA720402
Xavier Roseren,Roseren,Xavier,H,http://www2.assemblee-nationale.fr/deputes/fiche/OMC_PA721458
Yannick Favennec-Bécot,Favennec-Bécot,Yannick,H,http://www2.assemblee-nationale.fr/deputes/fiche/OMC_PA267042
Yannick Haury,Haury,Yannick,H,http://www2.assemblee-nationale.fr/deputes/fiche/OMC_PA720054
Yannick Kerlogot,Kerlogot,Yannick,H,http://www2.assemblee-nationale.fr/deputes/fiche/OMC_PA719230
Yaël Braun-Pivet,Braun-Pivet,Yaël,F,http://www2.assemblee-nationale.fr/deputes/fiche/OMC_PA721908
Yolaine de Courson,Courson (de),Yolaine,F,http://www2.assemblee-nationale.fr/deputes/fiche/OMC_PA719194
Yves Blein,Blein,Yves,H,http://www2.assemblee-nationale.fr/deputes/fiche/OMC_PA608641
Yves Daniel,Daniel,Yves,H,http://www2.assemblee-nationale.fr/deputes/fiche/OMC_PA607155
Yves Hemedinger,Hemedinger,Yves,H,http://www2.assemblee-nationale.fr/deputes/fiche/OMC_PA774956
Zivka Park,Park,Zivka,F,http://www2.assemblee-nationale.fr/deputes/fiche/OMC_PA720944
Élisabeth Toutut-Picard,Toutut-Picard,Élisabeth,F,http://www2.assemblee-nationale.fr/deputes/fiche/OMC_PA719540
Élodie Jacquier-Laforge,Jacquier-Laforge,Élodie,F,http://www2.assemblee-nationale.fr/deputes/fiche/OMC_PA719874
Émilie Bonnivard,Bonnivard,Émilie,F,http://www2.assemblee-nationale.fr/deputes/fiche/OMC_PA721410
Émilie Cariou,Cariou,Émilie,F,http://www2.assemblee-nationale.fr/deputes/fiche/OMC_PA720298
Émilie Chalas,Chalas,Émilie,F,http://www2.assemblee-nationale.fr/deputes/fiche/OMC_PA719748
Émilie Guerel,Guerel,Émilie,F,http://www2.assemblee-nationale.fr/deputes/fiche/OMC_PA721792
Éric Alauzet,Alauzet,Éric,H,http://www2.assemblee-nationale.fr/deputes/fiche/OMC_PA605963
Éric Bothorel,Bothorel,Éric,H,http://www2.assemblee-nationale.fr/deputes/fiche/OMC_PA642695
Éric Ciotti,Ciotti,Éric,H,http://www2.assemblee-nationale.fr/deputes/fiche/OMC_PA330240
Éric Coquerel,Coquerel,Éric,H,http://www2.assemblee-nationale.fr/deputes/fiche/OMC_PA721202
Éric Diard,Diard,Éric,H,http://www2.assemblee-nationale.fr/deputes/fiche/OMC_PA267440
Éric Girardin,Girardin,Éric,H,http://www2.assemblee-nationale.fr/deputes/fiche/OMC_PA720222
Éric Pauget,Pauget,Éric,H,http://www2.assemblee-nationale.fr/deputes/fiche/OMC_PA718784
Éric Poulliat,Poulliat,Éric,H,http://www2.assemblee-nationale.fr/deputes/fiche/OMC_PA719600
Éric Woerth,Woerth,Éric,H,http://www2.assemblee-nationale.fr/deputes/fiche/OMC_PA2960
